<?xml version="1.0" encoding="UTF-8"?>
<site>
   <description url="https://dl-ssl.google.com/android/eclipse/">
      Update Site for Android Development Toolkit
   </description>
   <feature url="features/com.android.ide.eclipse.adt_21.0.0.v201210310015-519525.jar" id="com.android.ide.eclipse.adt" version="21.0.0.v201210310015-519525">
      <category name="developer"/>
   </feature>
   <feature url="features/com.android.ide.eclipse.ddms_21.0.0.v201210310015-519525.jar" id="com.android.ide.eclipse.ddms" version="21.0.0.v201210310015-519525">
      <category name="developer"/>
   </feature>
   <feature url="features/com.android.ide.eclipse.hierarchyviewer_21.0.0.v201210310015-519525.jar" id="com.android.ide.eclipse.hierarchyviewer" version="21.0.0.v201210310015-519525">
      <category name="developer"/>
   </feature>
   <feature url="features/com.android.ide.eclipse.traceview_21.0.0.v201210310015-519525.jar" id="com.android.ide.eclipse.traceview" version="21.0.0.v201210310015-519525">
      <category name="developer"/>
   </feature>
   <feature url="features/com.android.ide.eclipse.gldebugger_21.0.0.v201210310015-519525.jar" id="com.android.ide.eclipse.gldebugger" version="21.0.0.v201210310015-519525">
      <category name="developer"/>
   </feature>
   <feature url="features/com.android.ide.eclipse.ndk_21.0.0.v201210310015-519525.jar" id="com.android.ide.eclipse.ndk" version="21.0.0.v201210310015-519525">
      <category name="ndk"/>
   </feature>
   <category-def name="developer" label="Developer Tools">
      <description>
         Features that add Android support to Eclipse for application developers.
      </description>
   </category-def>
   <category-def name="ndk" label="NDK Plugins">
      <description>
         Support for NDK build and debug in Eclipse.
      </description>
   </category-def>
</site>
